score,title
3.2,new akslen modle flashing safety led bike bicycle rear tail light tl
4.4,usb led bike bicycle cycling warning tail rear charged lamp flash light modes
1.5,flash led neon bicycle wheels tire valve dust cap light car bike motorcycle
4.8,black cycling bike bicycle led front head light flashlight modes with clip
4.2,cycling bicycle taillights led safety flashing warning lights
1.1,blue led motorcycle accent under body glow street bike light brake reservoir a
4.8,red waterproof silicone bike bicycle cycle cycling rear led light
1.0,led lamp flash tyre wheel valve cap light for car bike bicycle motorbicycle
5.0,draper front and rear led bicycle light set
1.9,rechargeable cree led front bicycle lamp bike light charger
4.8,led bike bicycle safety tail flashlight waterproof lamp back rear light
1.4,griplit led bike handlebar light disc o pack of md glt
1.1,motorcycle led tail brake running light license plate holder dirt bike chopper
1.0,skull bicycle tire led flash light valve dust cap car motor tyre white qgs
4.2,bike bicycle cycling silicone white wheel tyre waterproof led light white
1.0,new car suv bright blue eagle eye hawkeye cob led daytime driving fog light
5.0,cycling bicycle bike rear tail safety warning led laser flashing lamp light
4.8,led lasers cycling bicycle rear flashing light warning bike tail lamp blue
4.9,lumen cree xm l led big headlight headlamp bike light flashlight wt
5.0,gold a cree led front bicycle light bike headlamp headlight kit
